"Power_level";"Section";"Class";"Mean";"Sd"
"LV-a";"A";"01.11";981,579949389147;229,507896638005
"LV-b";"A";"01.11";7591,27616675778;4395,51410972339
"MV";"A";"01.11";10118,374506175;10470,4756367842
"MV";"A";"01.12";6244,3534923488;6995,64991333523
"LV-a";"A";"01.13";1467,53386036505;510,12984361354
"LV-b";"A";"01.13";14229,8279551875;7225,08969333666
"MV";"A";"01.13";42619,5807807978;11436,4939524849
"MV";"A";"01.15";18869,2096970698;35305,9830618196
"LV-a";"A";"01.19";921,094472065942;459,31984101244
"MV";"A";"01.19";13640,8633626448;5230,6458768442
"LV-a";"A";"01.21";1037,84889900657;383,478335599586
"LV-b";"A";"01.21";10482,2955867933;3665,78865220693
"MV";"A";"01.21";17374,1833331147;5100,83275927418
"LV-a";"A";"01.24";1894,33372114333;691,925123004901
"LV-b";"A";"01.24";11204,3838459315;4542,59480336605
"MV";"A";"01.24";17415,4598341707;7868,94231818771
"LV-a";"A";"01.25";3551,35396833797;5782,92763875531
"LV-b";"A";"01.25";8674,08011625579;14870,2600214121
"MV";"A";"01.25";1256,34587919775;484,202167723759
"LV-b";"A";"01.28";1038,1132639203;1875,89537944616
"LV-a";"A";"01.29";956,629783224247;738,298580189305
"MV";"A";"01.29";57452,2332222038;148787,316186982
"LV-b";"A";"01.30";15533,5785709452;9222,14405145645
"MV";"A";"01.30";35046,6609856284;9439,88668860785
"LV-a";"A";"01.41";3055,14036075495;1054,77200064685
"LV-b";"A";"01.41";10431,7486727858;3341,6977270048
"MV";"A";"01.41";13812,0561913755;6089,34886726782
"LV-a";"A";"01.42";1243,52936196294;356,587810443391
"LV-b";"A";"01.42";7420,33128347837;5456,81761898054
"MV";"A";"01.42";6333,96774465049;5112,39216770415
"LV-a";"A";"01.43";2715,8252976759;1452,81797176078
"MV";"A";"01.43";9621,99453532326;2973,87481683104
"LV-a";"A";"01.45";2485,11507561717;925,682377822628
"MV";"A";"01.45";5985,78894600342;7830,25715725783
"LV-a";"A";"01.46";5201,7044461447;2364,88478168634
"LV-b";"A";"01.46";23910,8774576354;5477,67206619401
"MV";"A";"01.46";41868,7549750034;7598,13990499448
"LV-a";"A";"01.47";839,156338752719;392,278987219852
"LV-b";"A";"01.47";14504,0424048745;4617,63071976435
"MV";"A";"01.47";50584,7412965053;6375,80178427502
"LV-a";"A";"01.49";371,712183848837;372,980505633881
"MV";"A";"01.49";27430,8932397264;4484,50211194671
"LV-a";"A";"01.5";2348,85865499107;1192,77830230447
"LV-b";"A";"01.5";10113,8859158609;2954,24066770842
"MV";"A";"01.5";9970,87335355208;4374,46141335601
"LV-a";"A";"01.61";1245,11212450488;599,263080827169
"LV-b";"A";"01.61";5269,68717118082;7606,10296392532
"MV";"A";"01.61";16288,8696151121;14960,2624806817
"LV-a";"A";"01.62";642,288883551643;389,982244895402
"MV";"A";"01.62";26551,0455347587;15100,776281947
"LV-b";"A";"01.63";5330,07716442727;4249,22107272725
"MV";"A";"01.64";59683,9705563567;58405,5930966065
"MV";"A";"01.70";6794,00165735005;3230,94221453317
"LV-a";"A";"02.10";1333,47022406377;722,403539765041
"LV-b";"A";"02.10";3633,50059559832;3171,72828278042
"MV";"A";"02.10";12667,669938058;8865,91589717292
"LV-b";"A";"02.20";8544,93104871117;11805,4462520499
"MV";"A";"02.20";28651,1270175183;18192,6268831648
"MV";"A";"02.30";79628,7823510462;22396,9878254922
"LV-b";"A";"02.40";6080,81974673752;2890,27741666273
"MV";"A";"02.40";8678,78780501351;5287,21563503481
"LV-b";"A";"03.21";21283,6067168149;6721,88539051224
"MV";"A";"03.21";65130,4284832681;6341,3187664612
"MV";"A";"03.22";156491,90475731;58633,3766313795
"LV-a";"C";"10.1";3501,28845056674;1486,19800683969
"LV-b";"C";"10.1";18743,7465799019;6412,98384472495
"MV";"C";"10.1";193242,423657383;56640,2219289255
"MV";"C";"10.20";130891,200838935;44035,4923145668
"LV-a";"C";"10.3";2494,02509053044;1941,71462529635
"MV";"C";"10.3";192427,432793407;54664,7456485336
"LV-a";"C";"10.4";69,3177745184671;139,612092510514
"MV";"C";"10.4";634712,882576866;73593,448303357
"LV-a";"C";"10.5";95,4563663767899;195,800467121902
"LV-b";"C";"10.5";17344,9696491985;6178,066620772
"MV";"C";"10.5";316467,26347524;47443,7468115131
"LV-b";"C";"10.61";3026,72946889793;7265,50209462494
"MV";"C";"10.61";99221,851677785;37715,5067147901
"MV";"C";"10.62";3823642,99265018;526832,41363166
"LV-a";"C";"10.71";4052,53037298809;1128,74548781662
"LV-b";"C";"10.71";11955,1047378614;4636,23863100152
"MV";"C";"10.71";203829,474202439;48921,9676142402
"MV";"C";"10.81";333132,888246429;69104,5482142243
"LV-a";"C";"10.89";1465,29857746701;797,202547361818
"LV-b";"C";"10.89";17177,0843378341;8705,46210076087
"MV";"C";"10.89";183870,479372347;49639,1597020926
"LV-a";"C";"10.9";3614,78338003812;2260,82643036278
"LV-b";"C";"10.9";17959,7149071759;18373,780779561
"MV";"C";"10.9";253076,460267692;103340,249939148
"LV-a";"C";"11.01";12,5433003320307;26,3061979166288
"LV-b";"C";"11.01";45763,609844826;21241,4927657247
"MV";"C";"11.01";57680,9750713381;30033,7624470041
"LV-a";"C";"11.02";1168,49740272021;895,65115378028
"LV-b";"C";"11.02";22806,9403911619;10719,9827544114
"MV";"C";"11.02";40121,154845823;16387,7148134007
"MV";"C";"11.05";760153,625483734;119953,406119991
"MV";"C";"11.07";507100,948388839;161923,366658342
"MV";"C";"13.10";97467,4372470547;44072,1983070737
"LV-a";NA;"13.2/13.3";1672,26948032218;1588,53352900539
"LV-b";NA;"13.2/13.3";11212,0794518524;14471,8749239688
"MV";NA;"13.2/13.3";101038,1630334;53806,6083589231
"LV-a";"C";"13.9";1054,39811972113;1279,58138855717
"MV";"C";"13.9";81221,0109550698;31265,8221618649
"LV-a";"C";"14.1";913,775544578912;713,463509657887
"LV-b";"C";"14.1";27361,8458376147;11100,2905710906
"MV";"C";"14.1";41182,2038096314;25172,3896548767
"LV-a";"C";"15";740,726649267915;918,135254831931
"LV-b";"C";"15";19937,6941382766;25657,1058316076
"MV";"C";"15";49096,1996755037;40027,8942367545
"LV-a";"C";"16.2";1263,75613471896;932,865966217522
"LV-b";"C";"16.2";12366,2390285831;11869,1363374158
"MV";"C";"16.2";47330,053074636;32897,9288082566
"MV";"C";"17.11";1027182,76782217;288867,285781752
"LV-a";"C";"17.12";1013,33118651742;1759,10016944891
"LV-b";"C";"17.12";22733,5862349557;23289,4510806592
"MV";"C";"17.12";206049,223359286;40494,5736067825
"LV-b";"C";"17.21";32324,9043921501;22656,6554361124
"MV";"C";"17.21";129513,707420345;57661,9230459039
"MV";"C";"17.22";532171,992244952;90262,4834983537
"LV-a";"C";"18.1";1440,73857900981;1424,46268849048
"LV-b";"C";"18.1";4990,25744695341;3697,60067946136
"MV";"C";"18.1";105795,404071762;40299,5480248523
"LV-b";"C";"20.11";6811,03767279766;5843,27713853422
"MV";"C";"20.11";521470,660036939;87736,7284591065
"MV";"C";"20.12";193275,795190525;60193,1394707978
"LV-a";"C";"20.13";2082,30158798006;1594,31602181667
"MV";"C";"20.13";757540,400069059;69497,2235299152
"LV-b";"C";"20.14";6526,15907783257;6502,38145947651
"MV";"C";"20.14";357249,897720021;41461,1333617238
"MV";"C";"20.15";200508,107082171;37762,8218548214
"MV";"C";"20.16";363865,923418017;103302,780660376
"MV";"C";"20.17";80454,6825182298;53022,641467857
"MV";"C";"20.20";163932,245458669;39384,2063374651
"LV-a";"C";"20.30";1999,03842131494;1111,98015052075
"MV";"C";"20.30";72969,6705440865;34153,507629431
"MV";"C";"20.41";458447,213605002;94930,2669262754
"LV-b";"C";"20.42";8442,47513809753;5508,34015883845
"MV";"C";"20.42";137043,871104775;41178,8313533086
"MV";"C";"20.51";205162,654199359;48993,1073332098
"MV";"C";"20.52";274568,072067835;75988,1718488332
"MV";"C";"20.53";129515,492344437;46009,9032137445
"LV-a";"C";"20.59";1125,54700417849;1370,8405624515
"MV";"C";"20.59";426815,209651568;38926,5597791719
"MV";"C";"20.60";1044189,77514247;386586,034799439
"LV-b";"C";"21.10";4051,27743173369;2889,61752906673
"MV";"C";"21.10";510919,315944597;66245,537773943
"MV";"C";"21.20";268311,538041117;43705,6206854045
"LV-b";"C";"22.1";3637,04313813095;4146,14943016115
"MV";"C";"22.1";194098,187734164;71376,404129362
"LV-a";"C";"22.2";1105,41330102531;1100,26485896762
"LV-b";"C";"22.2";14229,4048545309;15514,77568013
"MV";"C";"22.2";175221,232700499;65524,5088677556
"LV-a";"C";"23.11";1490,33192521664;1532,04234292707
"MV";"C";"23.11";163877,506262937;47666,4903976539
"MV";"C";"23.13";796886,12351013;38112,3477949443
"LV-a";"C";"23.19";249,017285184032;488,985092088235
"MV";"C";"23.19";468745,210718521;79476,7478515456
"LV-a";NA;"23.4/23.3";575,18374494893;547,131523253735
"LV-b";NA;"23.4/23.3";4401,13383433396;6600,98498471849
"MV";NA;"23.4/23.3";52303,0167147093;18918,0235796122
"MV";"C";"23.5";447022,086634043;72269,2274719097
"LV-b";"C";"23.6";7621,60777184776;5584,21350595764
"MV";"C";"23.6";40535,5686388894;21196,7725440667
"MV";"C";"23.9";61014,6515739973;25600,8251288099
"MV";"C";"24.10";156017,53519591;50298,2274407799
"LV-b";"C";"24.20";26134,0872091308;22684,7791487805
"MV";"C";"24.20";157240,173509171;70949,0744168354
"LV-b";"C";"24.3";3381,32947192676;4430,82859233058
"MV";"C";"24.3";121499,373204272;65733,7471080482
"LV-b";"C";"24.42";12545,4327496336;14150,9226373719
"MV";"C";"24.42";319837,676101573;130768,839103152
"LV-b";"C";"24.5";3239,02002857578;1878,12765297217
"MV";"C";"24.5";287016,837295593;87858,8251126462
"MV";"C";"24.51";442561,501928401;301697,378846728
"MV";"C";"24.52";248354,862030934;140246,826467175
"LV-b";"C";"24.53";18449,1133895665;24315,7368502179
"MV";"C";"24.53";223639,682280828;78233,9678110993
"LV-a";"C";"25.12";2191,92699007912;1715,58769064865
"LV-b";"C";"25.12";19368,3241218523;17655,8540514376
"MV";"C";"25.12";44190,2876446379;32366,6336983738
"MV";"C";"25.2";80287,1083108368;47822,4962785483
"LV-a";"C";"25.50";102,247795309472;140,00522831027
"LV-b";"C";"25.50";25562,6851695563;16183,3198370358
"MV";"C";"25.50";94206,5970144769;49679,3137953148
"LV-a";"C";"25.61";2589,39686560136;3346,76978580111
"LV-b";"C";"25.61";11581,7777215545;13155,7742487768
"MV";"C";"25.61";89408,1325216472;34326,9806386465
"LV-a";"C";"25.62";1984,71040675192;2083,77267885499
"LV-b";"C";"25.62";16139,9824008241;8381,509301329
"MV";"C";"25.62";67228,1213918189;29156,9139157429
"LV-a";"C";"25.7";1042,91655216639;947,515476005416
"LV-b";"C";"25.7";21886,9910093537;14533,101553504
"MV";"C";"25.7";56072,8943032246;25962,0883000735
"MV";"C";"25.92";395676,322865499;121261,718167145
"LV-a";"C";"25.99";102,498130322232;168,39608460289
"LV-b";"C";"25.99";18193,2637645058;11021,6514917386
"MV";"C";"25.99";99532,6698064412;49876,4086013199
"LV-a";"C";"26.40";3947,91434100698;1928,78662247935
"LV-b";"C";"26.40";17673,1906528481;5523,57240261895
"MV";"C";"26.40";240075,231683986;38649,8479526945
"LV-a";"C";"26.5";1420,05809887183;1853,53717620568
"LV-b";"C";"26.5";9101,27600720639;7119,82032834307
"MV";"C";"26.5";208103,800037477;46573,292354415
"LV-a";"C";"27.1";2310,76442524087;1783,16914238695
"LV-b";"C";"27.1";11634,4173136426;10430,4017249126
"MV";"C";"27.1";137010,583227352;48855,3230090466
"MV";"C";"27.20";1174124,82165326;276251,652934121
"MV";"C";"27.3";558259,63463639;134949,46690609
"LV-a";"C";"27.40";1605,07252971492;3637,57459209311
"LV-b";"C";"27.40";19492,6793857509;27642,2635287659
"MV";"C";"27.40";249388,745065966;83420,9825945333
"LV-a";"C";"27.90";1111,53076449493;1115,62618094802
"LV-b";"C";"27.90";35408,9668651022;15602,0966303859
"MV";"C";"27.90";114995,567002767;35808,3300717826
"LV-a";"C";"28.4";1259,782719514;917,229351400532
"LV-b";"C";"28.4";9300,51592628457;9443,4888130418
"MV";"C";"28.4";75829,8846546841;34565,0829840215
"LV-b";"C";"29.10";9206,8286651061;15356,5090554542
"MV";"C";"29.10";87327,2604461172;43260,8348889394
"LV-b";"C";"29.3";9106,19366275596;7131,63416656736
"MV";"C";"29.3";252387,888943605;84245,2224009191
"MV";NA;"30.2/30.1";91109,5593424004;42653,1247789281
"MV";"C";"30.30";380664,701275584;99059,4833754443
"LV-a";"C";"31.01";893,751204802438;583,374577848303
"LV-b";"C";"31.01";8828,39822224084;8246,41496383125
"MV";"C";"31.01";54351,0842943299;36890,8115411236
"LV-a";"C";"31.03";0,348769872632627;8,37908641433881
"MV";"C";"31.03";53504,5950248535;31373,5326024482
"LV-a";"C";"32";960,728139997424;902,187167061144
"LV-b";"C";"32";7866,29524088908;11489,7837481698
"MV";"C";"32";75682,1951736973;31930,7028858357
"LV-a";"C";"33.12";1443,93634274155;892,169340393545
"LV-b";"C";"33.12";5831,22177484591;5389,25263459059
"MV";"C";"33.12";36634,0118105037;10951,7755258272
"LV-a";NA;"33.17/33.16/33.15";140,037746772967;348,256276025018
"MV";NA;"33.17/33.16/33.15";176250,626664423;55233,2260027782
"LV-a";"D";"35";667,620666949662;344,677250759747
"LV-b";"D";"35";13255,1848603442;6273,58229192307
"MV";"D";"35";32514,0827088038;5213,75459001057
"LV-a";"E";"36";564,709827562519;237,16396952226
"LV-b";"E";"36";13063,9745069369;3190,715927558
"MV";"E";"36";51817,8524803709;9053,72968794457
"LV-a";"E";"38";1707,82399046228;487,795330226455
"LV-b";"E";"38";9000,53901231994;3641,23580846869
"MV";"E";"38";53792,5013829327;20863,9070286221
"LV-a";"F";"41.10";1295,56725954139;595,001397183745
"LV-b";"F";"41.10";10029,2393830208;2041,56546739806
"MV";"F";"41.10";47917,6299554441;11776,8246399518
"LV-a";"F";"41.20";838,099282108163;763,384851464388
"LV-b";"F";"41.20";10925,716504898;5468,01782055212
"MV";"F";"41.20";41937,7557782223;18446,1482797529
"LV-b";"F";"42.11";7089,29558597024;4243,90529814684
"MV";"F";"42.11";31250,1668643613;21173,684099402
"LV-a";"F";"42.12";1186,39781923366;647,294323824921
"LV-b";"F";"42.12";22855,4506446458;11863,7852718207
"MV";"F";"42.12";33764,7955516003;16482,6832006909
"MV";"F";"42.13";89110,6810366495;27534,6556251264
"LV-b";"F";"42.21";16568,5231211935;6297,77567387756
"MV";"F";"42.21";18326,6818501126;5053,57152525249
"LV-a";"F";"42.22";662,513235419061;375,534941722909
"MV";"F";"42.22";132119,148962484;73224,0292243918
"MV";"F";"42.91";74036,9569022127;35373,7603115891
"LV-a";"F";"42.99";1733,19680033477;1678,95580306498
"LV-b";"F";"42.99";5603,12652351568;4975,66251091922
"MV";"F";"42.99";23853,0882447837;24655,2893519642
"LV-a";"F";"43.11";444,755007433349;494,439227322881
"MV";"F";"43.11";32390,4799272792;19762,286649659
"LV-a";"F";"43.12";2323,50714367636;1101,33604450348
"LV-b";"F";"43.12";4383,96105806731;3951,08212321826
"MV";"F";"43.12";14581,0977484786;9807,22903447392
"LV-a";"F";"43.21";1134,02417110041;728,603716552144
"LV-b";"F";"43.21";14193,6652904725;7966,72102641284
"MV";"F";"43.21";40974,2408195794;23484,5652117426
"LV-a";"F";"43.22";601,514510534402;380,547233957977
"LV-b";"F";"43.22";25927,1093954955;17868,255121143
"MV";"F";"43.22";78781,2940768178;15662,1455420041
"LV-a";"F";"43.29";543,686630128133;633,826407386558
"MV";"F";"43.29";204671,501510053;90252,5134454562
"LV-a";"F";"43.31";720,802396457676;328,953405403976
"LV-b";"F";"43.31";2726,0525812058;2713,22204100699
"LV-a";"F";"43.32";732,347295074539;483,649391130204
"LV-b";"F";"43.32";5288,38725163344;4477,88131887617
"MV";"F";"43.32";17045,672486662;14797,932982661
"LV-a";"F";"43.33";980,298967326171;674,051175485251
"MV";"F";"43.33";33397,7187338096;20221,0090963733
"LV-a";"F";"43.34";950,089368977104;553,144023348969
"LV-b";"F";"43.34";7355,77916161288;6193,62143931302
"MV";"F";"43.34";34990,3623589098;40534,84668822
"LV-a";"F";"43.39";203,190834419478;342,661958851634
"MV";"F";"43.39";38463,1648809455;9885,99408983502
"LV-a";"F";"43.91";704,603678112707;481,220005476204
"LV-b";"F";"43.91";4063,00107227395;3407,38602348523
"MV";"F";"43.91";33779,9765205082;28701,9321619943
"LV-a";"F";"43.99";835,871848024121;551,632374046576
"LV-b";"F";"43.99";5231,83549574794;2845,53779406483
"MV";"F";"43.99";18023,0928009717;6811,51254363234
"LV-a";"G";"45.11";2487,58479217802;1269,81014063211
"LV-b";"G";"45.11";16004,9403714612;11295,7955168326
"MV";"G";"45.11";41257,6791986951;24672,7668317316
"LV-a";"G";"45.19";1481,15875819776;1733,29295031187
"LV-b";"G";"45.19";5349,73818049679;3553,34351331731
"MV";"G";"45.19";32161,3128260842;22110,4792763841
"LV-a";"G";"45.20";1684,82445679286;1394,64653995247
"LV-b";"G";"45.20";5500,45492806535;5533,07521513312
"MV";"G";"45.20";14791,05575629;7022,27825784854
"LV-a";"G";"45.31";3000,68054975889;2716,49291892573
"LV-b";"G";"45.31";16456,0273661289;10369,4237197578
"MV";"G";"45.31";50352,0301384707;19926,4516446999
"LV-a";"G";"45.32";2067,72057739702;1567,76729462186
"LV-b";"G";"45.32";9392,34045661092;8502,64039876251
"MV";"G";"45.32";90364,1802137351;41865,5927429512
"LV-a";"G";"45.40";767,971185253394;708,264362539455
"MV";"G";"45.40";73346,9980752175;44250,085464252
"LV-a";"G";"46.11";1546,98149563693;1922,13222117173
"MV";"G";"46.11";51377,6576279808;37254,4689162325
"LV-a";"G";"46.12";255,954656046377;133,937272056146
"MV";"G";"46.12";65165,628845625;30973,8928172686
"MV";"G";"46.13";31509,882460994;37488,6047653682
"MV";"G";"46.14";127872,216800572;17946,4321521712
"LV-a";"G";"46.15";36,6895469044649;64,348683966457
"LV-b";"G";"46.15";13299,2589682906;16178,5720851664
"MV";"G";"46.15";26018,9946779225;26720,7165106203
"LV-a";"G";"46.16";686,23815965233;331,900155944016
"MV";"G";"46.16";71338,2411435852;37366,1082711745
"MV";"G";"46.17";163662,229441708;27047,3396868534
"LV-a";"G";"46.18";1547,03965540815;855,877085991694
"MV";"G";"46.18";72954,9215486092;20210,4725109793
"LV-a";"G";"46.19";493,316715405713;485,154754494742
"LV-b";"G";"46.19";14045,6186615966;12068,8103270124
"MV";"G";"46.19";51478,3437834558;23445,9916058978
"LV-a";"G";"46.21";3465,52463156245;1969,53920685089
"LV-b";"G";"46.21";6628,99085143184;3334,01271198344
"MV";"G";"46.21";26515,7537679715;11077,3011582813
"LV-b";"G";"46.22";22628,3637546253;13981,3455448297
"MV";"G";"46.22";71747,3516609283;19430,8986438458
"LV-a";"G";"46.23";37,3688857881416;143,387193600708
"MV";"G";"46.23";33485,5670476213;10247,7194483486
"MV";"G";"46.24";57482,0020964675;19179,3405725723
"LV-a";"G";"46.31";3692,72731821168;1505,14108914954
"LV-b";"G";"46.31";36362,2443668436;10850,4862022215
"MV";"G";"46.31";83200,1407131239;22357,8157287868
"LV-a";"G";"46.32";3360,47347958625;1201,59463960584
"LV-b";"G";"46.32";28934,7112815556;7796,10292449802
"MV";"G";"46.32";71359,7286525481;16328,2259873569
"MV";"G";"46.33";150971,642608135;25763,4980584922
"LV-a";"G";"46.34";580,033836806228;440,646941329309
"LV-b";"G";"46.34";20988,6365726447;11614,7812309282
"MV";"G";"46.34";51639,382414549;21615,4343607377
"MV";"G";"46.35";47997,4199563553;26762,8485832373
"MV";"G";"46.36";350401,531836893;66977,3284424987
"MV";"G";"46.37";21847,0480915934;8704,17465662636
"LV-a";"G";"46.38";7276,7992780277;1690,31004556424
"LV-b";"G";"46.38";20714,6202872692;6323,12751107344
"MV";"G";"46.38";72601,6626829087;13440,3283699346
"LV-a";"G";"46.39";5418,76051780366;1748,48062593651
"LV-b";"G";"46.39";17695,4550682944;3733,36001782128
"MV";"G";"46.39";118338,355197626;24306,3376947069
"LV-a";"G";"46.41";1030,67858007447;1221,52853382362
"MV";"G";"46.41";33996,5251938864;26036,9860050182
"LV-a";"G";"46.42";624,264306865209;683,314066339391
"LV-b";"G";"46.42";14162,0307235794;11657,3409383583
"MV";"G";"46.42";28394,857970894;12594,8218038643
"LV-a";"G";"46.43";1639,14346150774;1311,85395141373
"LV-b";"G";"46.43";10756,3469193726;5300,88446423019
"MV";"G";"46.43";59052,550187049;30683,3131759212
"MV";"G";"46.44";23477,0622580296;11544,9490519406
"LV-b";"G";"46.45";24151,9316487105;14375,3700663844
"MV";"G";"46.45";154267,79853136;56966,2674098675
"LV-a";"G";"46.46";1962,74857034737;1095,09142476121
"LV-b";"G";"46.46";27625,8129223919;20951,4116441113
"MV";"G";"46.46";69352,065768457;16765,4748234301
"MV";"G";"46.47";84207,3525360085;43605,5913394974
"LV-b";"G";"46.48";16614,2598594962;12766,961177941
"LV-a";"G";"46.49";1015,62327098426;784,699659259359
"LV-b";"G";"46.49";958,308231947837;836,214231482114
"MV";"G";"46.49";39971,6400302598;18212,4258417961
"LV-a";"G";"46.51";777,696912736577;460,757288744513
"LV-b";"G";"46.51";12388,754616262;6330,48014785166
"MV";"G";"46.51";131039,066286641;22553,5402648234
"LV-a";"G";"46.52";830,333071250658;720,753171167535
"LV-b";"G";"46.52";14007,8100541382;8274,03564932781
"MV";"G";"46.52";81744,3122423008;26657,3399593391
"LV-a";"G";"46.61";2197,54560484682;1741,25015016014
"LV-b";"G";"46.61";12158,2602804938;8746,26451716659
"MV";"G";"46.61";16863,9617377217;10745,9514030269
"LV-b";"G";"46.62";3378,62377587169;4613,42542535778
"MV";"G";"46.62";25438,1666444483;14956,3407133649
"LV-b";"G";"46.63";18361,8205230291;1407,61239337216
"MV";"G";"46.63";34495,3966702223;33899,516749276
"LV-a";"G";"46.65";154,830466828772;413,82483130371
"MV";"G";"46.65";182949,139324927;96085,9083369132
"LV-a";"G";"46.66";1520,5913736899;908,06769748565
"LV-b";"G";"46.66";7014,57568741816;3799,2914548307
"MV";"G";"46.66";61921,1997537351;18281,1369219114
"LV-a";"G";"46.69";970,74072022348;747,72050077129
"LV-b";"G";"46.69";10358,1930505276;6679,94063581475
"MV";"G";"46.69";55275,2272299279;19741,7213680282
"LV-b";"G";"46.71";11715,7962654344;4528,2314494094
"MV";"G";"46.71";27574,3629502141;11009,0340351237
"LV-b";"G";"46.72";14402,8569129665;12645,5834110657
"MV";"G";"46.72";70517,7109250412;39633,1626129047
"LV-a";"G";"46.73";2462,36064433257;1647,73713753974
"LV-b";"G";"46.73";14724,2654567389;9419,741789006
"MV";"G";"46.73";29394,1251189022;17293,9396903972
"LV-a";"G";"46.74";319,1462347698;271,6135323949
"LV-b";"G";"46.74";13478,1343361636;8375,80707973418
"MV";"G";"46.74";41542,1511068719;25197,1520923363
"LV-a";"G";"46.75";1572,78793273821;889,963990636822
"LV-b";"G";"46.75";9213,42173854499;7312,55452823562
"MV";"G";"46.75";57480,0674662614;13633,2135636027
"LV-a";"G";"46.76";776,485192578603;479,598916630323
"MV";"G";"46.76";33526,7521296565;12162,6691632703
"LV-a";"G";"46.77";389,122032645139;736,748904789493
"MV";"G";"46.77";113561,218929517;23644,3937717414
"LV-a";"G";"46.90";1408,7898249955;1003,23899735034
"LV-b";"G";"46.90";2844,540730351;3105,19724623749
"MV";"G";"46.90";30403,4206940488;9332,14292754228
"LV-a";"G";"47.11";3873,27546421603;1173,28756123892
"LV-b";"G";"47.11";37397,4517660371;11150,0956854004
"MV";"G";"47.11";112383,872114527;37175,8163874282
"LV-b";"G";"47.19";17155,3059145375;18529,5076373466
"MV";"G";"47.19";112530,736849341;55838,9980607558
"LV-a";"G";"47.21";2823,97416453012;980,516579680775
"LV-b";"G";"47.21";17388,1574707668;7967,46607668553
"MV";"G";"47.21";116390,010270029;26825,1132266947
"LV-a";"G";"47.22";3377,05393948334;1497,75986079314
"LV-b";"G";"47.22";12307,5166482455;6530,10380645137
"MV";"G";"47.22";23114,3959195181;7617,20411476561
"LV-a";"G";"47.23";2575,54322829037;1518,40162603565
"MV";"G";"47.23";56466,487636986;10925,0250267924
"LV-a";"G";"47.24";5046,61733825747;1996,46167076324
"LV-b";"G";"47.24";9334,70627142296;5733,09429879095
"MV";"G";"47.24";37849,1109114824;24573,633530199
"LV-a";"G";"47.25";1469,83784112158;607,174990990263
"LV-b";"G";"47.25";4841,55970835361;6242,32573304564
"MV";"G";"47.25";39193,7524646532;13350,3437869695
"LV-a";"G";"47.26";1744,90365374665;1337,66940243699
"MV";"G";"47.26";389282,155843201;148018,838727973
"LV-a";"G";"47.29";2478,60563442507;1064,85744296202
"LV-b";"G";"47.29";19330,9704338569;11629,1816479851
"MV";"G";"47.29";62957,5205473363;18186,464893233
"LV-a";"G";"47.30";2389,1579006356;1153,29875863475
"LV-b";"G";"47.30";15969,4872412598;2770,10906610945
"MV";"G";"47.30";50071,8156337042;6314,14184758447
"LV-a";"G";"47.41";1582,07895373472;726,117393926424
"LV-b";"G";"47.41";15655,8918101981;7143,78369635571
"MV";"G";"47.41";48828,4238256055;29712,5857842537
"LV-a";"G";"47.42";42,3177447052089;188,218587555394
"MV";"G";"47.42";39152,8448185691;4534,16301501317
"LV-b";"G";"47.43";18132,7086875927;19096,5661196995
"MV";"G";"47.43";52452,6974053365;30570,9707305276
"LV-a";"G";"47.51";575,863513214013;652,027749455137
"LV-b";"G";"47.51";21238,4193032509;17424,8337613103
"MV";"G";"47.51";58464,3370882841;24179,7640271862
"LV-a";"G";"47.52";2236,8037313354;1494,2257546173
"LV-b";"G";"47.52";20887,7448578903;17306,8597153264
"MV";"G";"47.52";58923,2328970788;33215,9376793461
"LV-a";"G";"47.53";1377,3080791725;1749,99429488433
"LV-b";"G";"47.53";14910,1034781362;14870,2859339803
"MV";"G";"47.53";213638,862769397;75395,6928213797
"LV-a";"G";"47.54";4612,20401365618;6136,04148227152
"LV-b";"G";"47.54";54324,1171203495;35428,6994327022
"MV";"G";"47.54";46607,5149955288;25171,3996293621
"LV-a";"G";"47.59";2102,51392170063;1502,63115930243
"LV-b";"G";"47.59";13050,705010566;11268,6288411862
"MV";"G";"47.59";51794,7854340442;31023,8474290606
"LV-a";"G";"47.61";899,674876958546;651,807140069089
"MV";"G";"47.61";30449,2405951956;19170,3971728627
"LV-a";"G";"47.62";1271,97950481951;918,020140347118
"LV-b";"G";"47.62";9159,4023874451;8365,0995228577
"MV";"G";"47.62";98698,9313793063;36800,2835382441
"MV";"G";"47.63";83802,8320194174;33501,6046900311
"LV-a";"G";"47.64";2475,36671077994;2191,37390991937
"LV-b";"G";"47.64";6040,88996103079;3858,12275539322
"MV";"G";"47.64";50113,9933319219;32119,6849771451
"LV-b";"G";"47.65";13700,8564718723;11229,3131191593
"MV";"G";"47.65";46854,0259403926;27907,6070661534
"LV-a";"G";"47.71";1981,99394757598;1659,04311137721
"LV-b";"G";"47.71";12235,0981498057;10471,414540005
"MV";"G";"47.71";49610,0813336962;28593,2943465998
"LV-a";"G";"47.72";1134,14470667035;1028,49029462043
"LV-b";"G";"47.72";10564,3513193628;9745,31971035577
"MV";"G";"47.72";73366,6023204751;31558,0632782245
"LV-a";"G";"47.73";2409,93659282061;1797,0147932533
"MV";"G";"47.73";83993,1774641117;26442,896310502
"LV-a";"G";"47.74";1264,6946080618;1093,60923889995
"LV-b";"G";"47.74";3212,46314062847;2967,18198920303
"MV";"G";"47.74";67019,7264741815;46146,7107588333
"LV-a";"G";"47.75";2456,94267575061;2137,15986107839
"LV-b";"G";"47.75";6647,2854310595;6953,62827590139
"MV";"G";"47.75";116518,37508813;30394,6702877066
"LV-a";"G";"47.76";1548,71983195072;914,626830225031
"LV-b";"G";"47.76";17153,4646560343;9623,52503579784
"MV";"G";"47.76";31488,3387516518;15193,2798432186
"LV-a";"G";"47.77";1331,52302778504;1318,14679661641
"LV-b";"G";"47.77";5850,69239661891;8011,18856118533
"MV";"G";"47.77";78302,7702587763;11616,0890146053
"LV-a";"G";"47.78";1821,12939846985;1328,8570059295
"LV-b";"G";"47.78";9590,09019162534;6927,14736067138
"MV";"G";"47.78";39293,2749348638;16482,1943221947
"LV-a";"G";"47.79";538,378458037446;519,120269751848
"MV";"G";"47.79";14826,3736583458;10002,7553993468
"LV-a";"G";"47.81";1209,10892387412;441,48674105654
"LV-b";"G";"47.81";1916,60091917685;2958,40406563876
"MV";"G";"47.81";9980,26021457578;2766,22800861325
"LV-a";"G";"47.82";1650,28486514071;2075,08848517844
"LV-a";"G";"47.89";200,766161534749;309,050635197891
"LV-b";"G";"47.89";637,332087289229;916,45321348262
"MV";"G";"47.89";46714,4145310508;16376,2697290272
"LV-a";"G";"47.91";1313,50009019828;1022,07446835448
"LV-b";"G";"47.91";53360,4425776442;17905,7222517702
"MV";"G";"47.91";105039,77663763;36926,0595153165
"LV-a";"G";"47.99";1162,25805697852;766,122318409428
"MV";"G";"47.99";209441,555524136;44641,6186913578
"LV-a";"H";"49.10";1237,87843194633;382,389797159897
"LV-b";"H";"49.10";6110,22448046165;2796,71419888796
"MV";"H";"49.10";59852,1704303239;9791,09166213014
"LV-a";"H";"49.20";367,383244852536;109,830132138026
"MV";"H";"49.20";132554,834519563;29018,664167893
"LV-b";"H";"49.31";14429,2751465556;5305,30020838154
"MV";"H";"49.31";87660,0500258184;33541,2483697602
"LV-a";"H";"49.32";930,768353901202;440,228669537173
"MV";"H";"49.32";2322,00354294895;1100,63662418173
"LV-a";"H";"49.39";1039,04417736789;1276,16425383271
"LV-b";"H";"49.39";8198,90881937363;9635,24347715147
"MV";"H";"49.39";25396,5311658836;27303,9972230403
"LV-a";"H";"49.41";1100,14413637137;520,883613635847
"LV-b";"H";"49.41";16684,9578417222;5075,69592781664
"MV";"H";"49.41";57756,5817063084;9142,99476659038
"LV-a";"H";"49.42";66,2304588071345;137,21071408645
"LV-b";"H";"49.42";1551,36769868222;1311,8209705777
"MV";"H";"49.42";10335,2300161653;5044,29381792964
"LV-b";"H";"49.50";12549,0707251379;8159,68910659099
"MV";"H";"49.50";80974,6142577026;15169,9106053583
"LV-a";NA;"5/6/7/8";706,440052803515;574,885585557021
"LV-b";NA;"5/6/7/8";2408,41679355742;2086,84308907186
"MV";NA;"5/6/7/8";38880,7715254398;22403,5422349416
"MV";"H";"50.10";186104,107510094;86462,4514912196
"MV";"H";"50.20";212405,250549508;75884,7479012642
"MV";"H";"50.30";156251,984381467;44194,4295611098
"LV-b";"H";"50.40";9720,64884974092;6878,31943526954
"MV";"H";"50.40";9659,18887629625;2529,12581272992
"MV";"H";"51.10";462278,842465419;71151,4785628671
"LV-b";"H";"51.21";1835,53207259231;1463,86325272885
"LV-a";"H";"52.10";3274,34266595477;2617,20415171398
"LV-b";"H";"52.10";11348,9842804029;5633,144838302
"MV";"H";"52.10";90835,2738470147;13384,5413520083
"LV-a";"H";"52.21";393,572202693062;214,325354292978
"LV-b";"H";"52.21";21081,4211139185;2921,09167378423
"MV";"H";"52.21";47004,452590522;11592,3074023682
"LV-b";"H";"52.22";963,282922544013;1461,6647764919
"MV";"H";"52.22";48543,2812804979;8126,03583707224
"LV-b";"H";"52.23";7814,20424956571;5258,43667944778
"MV";"H";"52.23";486555,500357028;88343,0444194925
"LV-a";"H";"52.24";9417,66960461191;7413,9259888168
"LV-b";"H";"52.24";4545,16744746482;3289,86030863245
"MV";"H";"52.24";114002,823717477;26771,5836283458
"LV-a";"H";"52.29";2075,07907182079;1125,90001757243
"LV-b";"H";"52.29";19344,8645191045;7955,36683739353
"MV";"H";"52.29";52290,7609859592;15251,146018658
"LV-a";"H";"53.10";809,354353606594;400,659796073574
"LV-b";"H";"53.10";12488,3933495444;6409,29953042557
"MV";"H";"53.10";76727,4384543933;16497,1422943664
"LV-b";"H";"53.20";2170,65894268577;3315,05945298351
"MV";"H";"53.20";206718,54517405;44595,7004597136
"LV-a";"I";"55.10";2919,28456161912;643,930910894141
"LV-b";"I";"55.10";17600,4040061568;3989,87546597214
"MV";"I";"55.10";66103,96593841;8856,0876310424
"LV-a";"I";"55.20";2123,8702743083;470,489500648736
"LV-b";"I";"55.20";5618,89268666358;2370,10568624897
"MV";"I";"55.20";41066,5024915865;9780,63848295351
"LV-a";"I";"55.30";1197,49025688556;604,630550969149
"LV-b";"I";"55.30";16581,456585134;11744,9225752699
"MV";"I";"55.30";37053,5331430902;22604,7079768947
"LV-a";"I";"55.90";4032,79728325644;1551,95114305096
"LV-b";"I";"55.90";20677,9880259238;4888,07081204697
"MV";"I";"55.90";45317,9572712202;12519,5005824724
"LV-a";"I";"56.10";2906,8811827692;1153,37372172437
"LV-b";"I";"56.10";18564,3799952685;7868,58990446438
"MV";"I";"56.10";51378,5250434398;16895,0656870157
"LV-a";"I";"56.21";2678,48409296706;1453,17262586312
"LV-b";"I";"56.21";16504,1683403526;8142,33284625309
"MV";"I";"56.21";52536,3564039469;19111,1084718214
"LV-a";"I";"56.29";2846,31919278603;1990,5050636705
"LV-b";"I";"56.29";16434,4930897084;11022,2051578463
"MV";"I";"56.29";51975,529212975;23324,371780573
"LV-a";"I";"56.30";2308,27507903389;583,182167961979
"LV-b";"I";"56.30";7917,0312098639;3002,01928824794
"MV";"I";"56.30";68269,80906784;14452,867155485
"LV-a";"J";"58.11";460,697100865014;488,159721156952
"MV";"J";"58.11";91465,7594945902;30923,5613531961
"MV";"J";"58.12";218717,352697501;10416,2613749709
"LV-a";"J";"58.13";1204,41523064843;929,201814568937
"LV-b";"J";"58.13";17123,0105575057;9144,31895969565
"MV";"J";"58.13";133581,639843584;35211,8196412263
"LV-a";"J";"58.14";639,236963986274;445,611477852701
"LV-b";"J";"58.14";4751,7601316003;2863,99043526555
"MV";"J";"58.14";63484,5822558631;18183,7864590981
"MV";"J";"58.19";66800,3370976065;34070,9316900508
"MV";"J";"58.21";411690,131550984;117013,584067682
"LV-a";"J";"58.29";1238,01785310109;1002,27149707438
"MV";"J";"58.29";374875,987153205;35852,7107590461
"LV-a";"J";"59.11";1953,3013608252;1060,60692915268
"MV";"J";"59.11";65431,0223432864;15778,612559385
"LV-a";"J";"59.12";475,647163096624;728,074364275755
"LV-b";"J";"59.12";30660,200604919;25788,5925539125
"MV";"J";"59.12";74023,2053801042;18331,0639407784
"MV";"J";"59.13";162079,645191655;18666,2799552898
"LV-b";"J";"59.14";21553,3235197123;10908,251161405
"MV";"J";"59.14";73054,0255896211;32071,6365883233
"MV";"J";"59.20";108872,483553524;22046,351359135
"LV-a";"J";"60.10";13265,5232529124;2350,31365151961
"LV-b";"J";"60.10";18292,0461925216;3561,46579694474
"MV";"J";"60.10";357754,182824073;46277,1753841058
"MV";"J";"60.20";200111,165673684;23313,4290478054
"LV-a";"J";"61.10";1595,14338475598;366,408226358959
"LV-b";"J";"61.10";56505,1847358425;17268,5804470593
"MV";"J";"61.10";109429,808437653;5476,56195903644
"LV-a";"J";"61.20";1994,08340661317;172,785588220299
"LV-b";"J";"61.20";49722,767808022;3567,71888736331
"MV";"J";"61.20";82374,8108928651;3211,12308433772
"MV";"J";"61.30";260297,22236044;9696,29654274909
"LV-a";"J";"61.90";1408,24124848467;464,689732923591
"LV-b";"J";"61.90";31088,219206598;1480,78833577875
"MV";"J";"61.90";166587,320255575;11615,1965872553
"LV-a";"J";"62.01";1769,86723681397;642,065842990469
"LV-b";"J";"62.01";7680,520404428;3319,77426381023
"MV";"J";"62.01";62711,6728447608;9814,10565800153
"LV-a";"J";"62.02";2347,32432680561;1005,7326967683
"LV-b";"J";"62.02";7729,66039078148;7991,04669345709
"MV";"J";"62.02";247885,318154418;19848,5776001341
"MV";"J";"62.03";441169,100883551;29222,1208306844
"LV-a";"J";"62.09";746,341996116989;294,755908313674
"MV";"J";"62.09";829906,09931495;71223,6180993894
"LV-a";"J";"63.11";8842,58864555718;2479,27099718243
"LV-b";"J";"63.11";82197,823528307;6867,77633289562
"MV";"J";"63.11";174790,629894975;14950,8534165651
"LV-a";"J";"63.12";1721,43897479428;1312,02727137575
"MV";"J";"63.12";224690,314333395;21374,562127534
"LV-a";"J";"63.91";1165,7437801793;976,463386289053
"MV";"J";"63.91";488030,958820032;53636,5634356036
"LV-b";"J";"63.99";12466,4974922938;4196,19598334439
"MV";"J";"63.99";1105120,79897828;423805,644669663
"MV";"K";"64.11";277760,202137821;64441,7199645032
"LV-a";"K";"64.19";3778,02347538569;1579,60093573881
"LV-b";"K";"64.19";9180,1973917856;3521,61233172613
"MV";"K";"64.19";88384,6304381639;22699,2713595016
"LV-a";"K";"64.20";1398,60386159358;591,993475640315
"LV-b";"K";"64.20";18837,5420505996;9169,28513300667
"MV";"K";"64.20";72061,138881693;18239,3476157668
"LV-a";"K";"64.30";830,703890320584;591,040129224142
"MV";"K";"64.30";75914,1906168384;11775,5438689265
"LV-b";"K";"64.91";375,667165443807;1501,73670073044
"MV";"K";"64.91";12807,12181083;6447,64204390896
"LV-a";"K";"64.92";1266,87699136046;796,746632026851
"MV";"K";"64.92";176257,605701076;49244,4787098272
"MV";"K";"64.99";62900,2992023604;18808,8421865051
"LV-a";"K";"65.11";1760,58288979679;1333,25395965134
"MV";"K";"65.11";71633,2479411321;17962,3440461188
"LV-a";"K";"65.12";2537,89419876256;1330,53124494198
"LV-b";"K";"65.12";7696,01470088004;3655,67737749737
"MV";"K";"65.12";69742,6019104739;21678,9126259118
"MV";"K";"65.20";174082,801919391;44469,2736815822
"MV";"K";"65.30";41653,6267585978;14558,0984934914
"MV";"K";"66.11";164797,236321131;12508,3475207309
"MV";"K";"66.12";168077,15229288;26197,0780237211
"LV-a";"K";"66.19";1540,00614931746;937,755001146172
"LV-b";"K";"66.19";9935,09080121131;5906,14262767078
"MV";"K";"66.19";161860,274385474;27521,7920230517
"LV-a";"K";"66.22";1225,23217343744;704,404795388213
"MV";"K";"66.22";78303,9937972138;24206,7823194606
"MV";"K";"66.29";92307,7876353045;30743,2539641027
"LV-a";"K";"66.30";1341,47528704773;639,060565631543
"LV-b";"K";"66.30";20795,1557084343;22069,5612341463
"MV";"K";"66.30";24204,7225313084;12135,9966097572
"LV-a";"L";"68.10";868,045763956085;480,266313702303
"LV-b";"L";"68.10";4663,11898137443;2239,83990186235
"MV";"L";"68.10";33695,4196454522;7122,56731096717
"LV-a";"L";"68.20";815,745738540321;235,580173166639
"LV-b";"L";"68.20";10733,9275296011;2551,01062716819
"MV";"L";"68.20";36526,6580012454;8546,45654048872
"LV-a";"L";"68.31";867,032220013555;358,841491939135
"LV-b";"L";"68.31";9754,04741588427;2864,08023579023
"MV";"L";"68.31";32560,4047108024;12637,0706402212
"LV-a";"L";"68.32";521,062416559313;109,566500196422
"LV-b";"L";"68.32";9389,80356651626;4507,99047003321
"MV";"L";"68.32";54982,1926324462;11674,8356051135
"LV-a";"M";"69.10";1229,77234977422;835,770467939317
"LV-b";"M";"69.10";4482,16489165872;3352,61174335792
"MV";"M";"69.10";44227,0926735531;12986,2078941118
"LV-a";"M";"69.20";1718,82656557825;986,930284159835
"LV-b";"M";"69.20";6676,35699844961;7528,59527132178
"MV";"M";"69.20";55964,898356907;13381,9770271683
"LV-a";"M";"70.10";1661,09839888552;652,592000505916
"LV-b";"M";"70.10";23044,1595857635;7150,61567486474
"MV";"M";"70.10";68428,3851247356;18652,2469450148
"LV-a";"M";"70.21";902,958488698363;738,451834869826
"LV-a";"M";"70.22";1143,82235866727;630,302204836839
"LV-b";"M";"70.22";9959,52931249737;4917,04519934928
"MV";"M";"70.22";60269,4144573775;20213,1221388934
"LV-a";"M";"71.11";728,148177028563;566,42382130422
"LV-b";"M";"71.11";6532,21352645124;3771,76685514026
"MV";"M";"71.11";44297,5578599128;20516,7984359963
"LV-a";"M";"71.12";1900,71581396348;1385,91022622688
"LV-b";"M";"71.12";15052,048502418;5292,01687983081
"MV";"M";"71.12";53044,8024013954;8167,0201821296
"LV-a";"M";"71.20";1330,56842814365;957,499331332241
"LV-b";"M";"71.20";3796,43840863339;2809,1076293349
"MV";"M";"71.20";94024,900508307;19326,1587135687
"MV";"M";"72.11";168026,030067777;22993,0640899434
"LV-a";"M";"72.19";1427,33214694334;1409,82856285777
"LV-b";"M";"72.19";15247,729820485;8146,10148678511
"MV";"M";"72.19";144504,243562981;18864,7303666841
"MV";"M";"72.20";179673,036363359;31908,533460981
"LV-a";"M";"73.11";809,068242760641;584,150583070509
"LV-b";"M";"73.11";9819,25713729567;4510,42149581002
"MV";"M";"73.11";106656,123975253;26103,6015048528
"LV-a";"M";"73.12";1213,86227109851;709,167647432892
"MV";"M";"73.12";119534,919134634;34194,5265970954
"LV-a";"M";"73.20";3910,80500863618;2961,57425292604
"LV-b";"M";"73.20";13304,0321300429;8785,47423385747
"MV";"M";"73.20";155633,795091579;57530,556618436
"LV-a";"M";"74.10";818,505663629491;738,681484790592
"MV";"M";"74.10";27632,09884144;16311,485055926
"LV-a";"M";"74.20";1154,24634564358;772,872163534512
"LV-b";"M";"74.20";2893,19223981012;2049,16383757023
"MV";"M";"74.20";84197,0704582166;30772,1057185144
"LV-a";"M";"74.30";1651,62790501236;1213,18741266432
"MV";"M";"74.30";106839,767503704;35736,2013150788
"LV-a";"M";"74.90";719,246053665197;540,392034640361
"MV";"M";"74.90";75704,1895593109;19155,3344456065
"LV-a";"M";"75.00";1224,98480707872;706,910710973522
"LV-a";"N";"77.11";2300,61134782267;1248,59906089868
"LV-b";"N";"77.11";17507,0904233142;13014,5770407995
"MV";"N";"77.11";71950,134457571;37637,805370751
"MV";"N";"77.12";29765,4916343281;14397,9528230492
"LV-a";"N";"77.22";547,895272697378;413,100769255203
"LV-a";"N";"77.29";1893,26376426332;1925,08287059897
"LV-b";"N";"77.29";10552,552481724;10492,0238592663
"MV";"N";"77.29";80585,24857413;54263,8864794314
"LV-b";"N";"77.31";4798,33992884613;5727,05337320163
"MV";"N";"77.31";16129,0197351905;11607,8911565409
"LV-a";"N";"77.32";606,917665574654;357,081943524838
"LV-b";"N";"77.32";7508,60575501229;6292,04653936723
"MV";"N";"77.32";40222,6170357383;23578,2823017986
"LV-a";"N";"77.33";3483,13031847967;1451,57360903755
"LV-a";"N";"77.39";4058,91033304785;1948,48510202558
"MV";"N";"77.39";69338,2103487626;29344,9771189083
"MV";"N";"77.40";113785,780209152;54712,7017730912
"LV-a";"N";"78.10";1089,34379996944;1257,17171603798
"MV";"N";"78.10";56358,9934586733;10113,6936356019
"LV-a";"N";"78.20";1767,71487095157;1201,3810003
"LV-a";"N";"78.30";898,926709748724;774,401304775512
"MV";"N";"78.30";79693,9592982429;17257,8008954479
"LV-a";"N";"79.11";1033,60703476437;765,558627096387
"MV";"N";"79.11";60899,01519322;16269,9753220515
"LV-a";"N";"79.12";467,448324138466;452,575517781655
"LV-a";"N";"79.90";124,632239183249;298,433236187257
"LV-b";"N";"79.90";2127,66907089129;2710,80641299305
"MV";"N";"79.90";38745,9623959924;13020,6615007184
"LV-b";"N";"80.10";15447,1501602062;8716,09713433289
"MV";"N";"80.10";55643,7538676923;24277,5441741102
"LV-b";"N";"80.20";988,553104334306;827,550946494857
"MV";"N";"80.20";34186,2026501385;17123,8189334316
"LV-a";"N";"81.10";511,541854507567;120,769349159061
"LV-b";"N";"81.10";10292,6831513697;3343,96249692665
"MV";"N";"81.10";43210,4206380884;13296,5359669063
"LV-a";"N";"81.21";828,903509032868;537,140608578173
"LV-b";"N";"81.21";6850,29552513818;6529,38572669696
"MV";"N";"81.21";43023,5464245662;19697,4757955
"LV-a";"N";"81.22";1172,04223575714;785,872677678805
"MV";"N";"81.22";38065,2186198146;8954,49062583255
"LV-a";"N";"81.29";205,476999713511;314,895891937818
"MV";"N";"81.29";127380,777423552;34017,8154071351
"LV-a";"N";"81.30";573,376444683457;322,280409924382
"LV-b";"N";"81.30";5814,62928576603;2765,48538850013
"MV";"N";"81.30";7729,88198345272;6722,44791090859
"LV-a";"N";"82.11";6130,2347841478;4281,8490718849
"LV-b";"N";"82.11";19182,912742518;22886,8165207177
"MV";"N";"82.11";60328,286470166;16586,3527257422
"LV-a";"N";"82.19";1346,20488755254;987,036427323788
"LV-b";"N";"82.19";32777,9511119152;11899,3527910525
"MV";"N";"82.19";100798,881791675;38636,1704340928
"LV-a";"N";"82.20";3584,0971790806;2015,72981394528
"MV";"N";"82.20";58151,1750519826;17027,2518555927
"LV-a";"N";"82.30";4089,87819658151;2333,71955712824
"LV-b";"N";"82.30";13411,229552813;8505,21602250018
"MV";"N";"82.30";64299,9558998913;20691,2443271756
"MV";"N";"82.91";74912,3740342044;34411,411009052
"LV-a";"N";"82.92";4517,12960508105;3252,78422296443
"LV-b";"N";"82.92";5517,48579714512;7017,46420680976
"MV";"N";"82.92";52692,1387920295;19729,0154392164
"LV-a";"N";"82.99";1662,26121494019;979,879707902954
"LV-b";"N";"82.99";5339,96020399096;3992,57409143731
"MV";"N";"82.99";76835,8128863118;19035,2713445101
"LV-a";"O";"84.11";1042,3411646055;542,767105435132
"LV-b";"O";"84.11";9646,1343536598;3651,40182180086
"MV";"O";"84.11";43721,3560555025;7055,57583473202
"LV-a";"O";"84.12";2299,23002364511;2089,33356249618
"LV-b";"O";"84.12";5804,70850146543;3071,80379406668
"MV";"O";"84.12";38842,8245533116;8659,96964071114
"LV-a";"O";"84.13";1583,88567421505;718,726481898767
"LV-b";"O";"84.13";9199,68096765739;3632,69543004967
"MV";"O";"84.13";35298,4512513484;6815,96924003495
"MV";"O";"84.21";107632,4141477;25977,2418241211
"LV-b";"O";"84.22";3766,96732488782;1649,44633675136
"MV";"O";"84.22";130192,854430013;31832,530512292
"LV-b";"O";"84.23";4763,8842043125;3496,33325968685
"MV";"O";"84.23";76924,0104994906;29781,3328607859
"LV-b";"O";"84.24";16032,9820592916;3718,96024047415
"MV";"O";"84.24";98532,0654028835;21626,824165545
"LV-a";"O";"84.25";1329,57893983686;869,288239390793
"LV-b";"O";"84.25";6025,41050332589;2511,5140507686
"MV";"O";"84.25";40731,5484383539;8817,24390506087
"LV-a";"O";"84.30";3924,23974368389;2618,93625747312
"LV-b";"O";"84.30";16801,7748695177;5765,45303893777
"MV";"O";"84.30";60795,1949508345;19705,0372814405
"LV-a";"P";"85.10";2414,4461114577;1829,28652094243
"LV-b";"P";"85.10";9501,1589509838;10295,1005646177
"MV";"P";"85.10";35052,1907786885;20951,0600322141
"LV-a";"P";"85.20";1949,35276428735;1411,06048326018
"LV-b";"P";"85.20";9838,06816139828;10151,9048355625
"MV";"P";"85.20";34336,5455939709;17423,9091386147
"LV-a";"P";"85.31";931,391100228334;491,974139184171
"LV-b";"P";"85.31";16517,2259418555;12407,2105022057
"MV";"P";"85.31";38325,8885601522;23874,0333530168
"LV-a";"P";"85.32";1183,78949076793;671,267332845824
"LV-b";"P";"85.32";19821,7773099904;12956,1841857107
"MV";"P";"85.32";44420,7121629876;23905,0863271364
"LV-b";"P";"85.41";32698,2022094723;13494,6177242604
"MV";"P";"85.41";225226,918997711;47817,9322550836
"LV-a";"P";"85.42";699,039920985644;693,159198165131
"LV-b";"P";"85.42";20853,5890256141;13243,7313059886
"MV";"P";"85.42";78720,9315382658;25750,6822322816
"LV-a";"P";"85.51";1480,26118282672;930,070361018178
"LV-b";"P";"85.51";5576,53630160599;4254,36073568781
"MV";"P";"85.51";86584,9341511527;27636,5005282049
"LV-a";"P";"85.52";1547,6225143711;1007,05685105834
"MV";"P";"85.52";60354,608415601;23566,2232271557
"LV-a";"P";"85.53";472,064978340069;432,464879160069
"LV-b";"P";"85.53";16867,18607312;9496,61695249889
"MV";"P";"85.53";114172,351758213;22033,0871316206
"LV-a";"P";"85.59";1245,16391358014;748,352805283902
"LV-b";"P";"85.59";8003,97584261848;6190,40154245662
"MV";"P";"85.59";43527,0539187614;16179,9713984377
"MV";"P";"85.60";40219,3891761149;35156,6932330272
"LV-a";"Q";"86.10";855,197656638466;406,525853391954
"LV-b";"Q";"86.10";34341,2745451282;11950,5374498993
"MV";"Q";"86.10";122264,880539004;22447,5375179492
"LV-a";"Q";"86.21";607,431206315844;399,431923276083
"LV-b";"Q";"86.21";7809,0611509708;6873,91066116888
"MV";"Q";"86.21";73171,9322962855;12052,3367999841
"LV-a";"Q";"86.22";860,121785459897;626,628928597217
"LV-b";"Q";"86.22";4655,36442074908;3149,08326014916
"MV";"Q";"86.22";97912,4447483162;21112,9332291864
"LV-a";"Q";"86.23";1004,34602953999;760,662432163575
"MV";"Q";"86.23";35662,5648575977;20207,7617917903
"LV-a";"Q";"86.90";819,124045383114;429,865057743011
"LV-b";"Q";"86.90";12332,8609725679;3825,99956595429
"MV";"Q";"86.90";81080,1326982624;12810,3319674617
"LV-a";"Q";"87.10";1790,8897591016;815,31857068133
"LV-b";"Q";"87.10";25606,8638981857;7611,24057702035
"MV";"Q";"87.10";37686,6820036458;12303,947839729
"LV-a";"Q";"87.20";671,421001516234;304,268577618502
"LV-b";"Q";"87.20";19991,2709485749;8564,04084442347
"MV";"Q";"87.20";42344,3472152163;18043,7728356532
"LV-a";"Q";"87.30";1763,14709557985;1091,53126624358
"LV-b";"Q";"87.30";31812,5324339148;9827,88299603199
"MV";"Q";"87.30";29957,0028965797;10227,1994885716
"LV-a";"Q";"87.90";2196,8150319225;765,385331361645
"LV-b";"Q";"87.90";9315,239282678;4764,09412068228
"MV";"Q";"87.90";30871,9873211767;11837,001849502
"LV-a";"Q";"88.10";1032,51140419084;804,500123547044
"LV-b";"Q";"88.10";13792,8535256684;9134,09862933306
"MV";"Q";"88.10";40049,5927671417;25539,3886979352
"LV-a";"Q";"88.91";1797,95032039508;1139,7196393916
"MV";"Q";"88.91";25839,1976263599;12915,0505860994
"LV-a";"Q";"88.99";1346,14282360134;619,242778175207
"LV-b";"Q";"88.99";9897,76855458883;3684,25913016308
"MV";"Q";"88.99";60954,6100721463;15384,7972469991
"LV-a";"R";"90.01";735,720976300847;533,105683068707
"LV-b";"R";"90.01";3502,41660787027;2694,95213920393
"MV";"R";"90.01";34103,8423475733;12533,0015415294
"LV-a";"R";"90.02";1096,88312076088;950,853752837516
"MV";"R";"90.02";56390,0012158333;20046,0794184984
"LV-a";"R";"90.03";584,878288843858;358,222928640158
"LV-b";"R";"90.03";5723,94401338474;4661,76001112054
"MV";"R";"90.03";30446,8973341575;10706,4207873464
"LV-b";"R";"90.04";3551,99664429599;5085,10320834702
"MV";"R";"90.04";45982,0645732509;14823,0186710544
"MV";"R";"91.01";270532,827565407;64732,5047521431
"LV-a";"R";"91.02";11761,5839519518;7994,5052222466
"MV";"R";"91.02";118185,64468973;21182,8151017406
"LV-a";"R";"91.03";518,292740033875;278,311454019504
"MV";"R";"91.03";73993,8882546463;28274,0811090599
"LV-b";"R";"91.04";52920,4677083061;18910,9236875207
"MV";"R";"91.04";65194,5257019929;15269,5174962394
"LV-b";"R";"92.00";44245,1648004247;9524,29647823109
"MV";"R";"92.00";97636,2123431742;11274,6733700677
"LV-a";"R";"93.11";1311,5846859159;1184,18851992653
"LV-b";"R";"93.11";28458,9352759895;13940,6566975084
"MV";"R";"93.11";60620,7969291632;11636,65697411
"LV-a";"R";"93.12";1127,72994858664;749,643274187434
"LV-b";"R";"93.12";10749,9910046692;7277,25660564496
"MV";"R";"93.12";62765,0705361298;15522,4088515617
"LV-b";"R";"93.13";9437,71500755929;5517,55299736347
"MV";"R";"93.13";147243,270500981;58855,2849758713
"LV-a";"R";"93.19";3361,8013378332;2798,34310112192
"LV-b";"R";"93.19";40839,1999271165;10764,1708226168
"MV";"R";"93.19";151202,132463565;46115,5784492211
"LV-b";"R";"93.21";6907,54190852431;6468,3743294619
"MV";"R";"93.21";219807,557294746;48725,533620209
"LV-a";"R";"93.29";1023,15919984812;687,013541849095
"LV-b";"R";"93.29";3921,52652281243;2816,40129311649
"MV";"R";"93.29";34245,0601141197;5792,4847733526
"LV-b";"S";"94.11";17944,6424564282;7013,47414674824
"MV";"S";"94.11";45176,4724972184;8369,91615031078
"LV-b";"S";"94.12";56516,0879114663;11670,4194397102
"MV";"S";"94.12";19013,8641820818;18995,6487184621
"LV-a";"S";"94.20";1052,88049272467;2704,28906940017
"LV-b";"S";"94.20";11651,9627578872;5411,31318818522
"MV";"S";"94.20";68257,6463519036;12399,5316984307
"LV-a";"S";"94.91";1355,07932158947;479,019967748689
"LV-b";"S";"94.91";5255,29140214457;2594,19853356036
"MV";"S";"94.91";36212,6922787855;13858,9612964169
"MV";"S";"94.92";33573,8755113658;33687,3762091841
"LV-a";"S";"94.99";1141,50414384331;436,550041576039
"LV-b";"S";"94.99";17411,7187962759;5042,2974292511
"MV";"S";"94.99";44059,0802920009;11326,5850418534
"LV-a";"S";"95.11";767,266896740172;501,956853015641
"MV";"S";"95.11";195885,740086138;34393,1699611103
"MV";"S";"95.12";93310,0652303709;46607,2558013135
"LV-a";"S";"95.21";830,47970897399;665,523594473297
"MV";"S";"95.21";144811,209506601;61255,0126087719
"LV-a";"S";"95.22";1292,61079110085;1201,31530670636
"LV-b";"S";"95.22";16831,9833961337;11367,1310961737
"MV";"S";"95.22";83802,8320194174;33501,6046900311
"LV-a";"S";"95.23";477,011470461463;468,307270640802
"MV";"S";"95.23";83441,9976791518;33821,7160479771
"LV-a";"S";"95.24";403,097521233176;454,925239472349
"MV";"S";"95.24";108669,377966743;60128,2891223453
"LV-a";"S";"95.29";1125,73896927416;696,37922837855
"MV";"S";"95.29";90946,7937867365;35918,6514585815
"LV-a";"S";"96.01";2138,18593040019;3083,91845082325
"LV-b";"S";"96.01";5322,46498568648;4979,50278258198
"MV";"S";"96.01";38471,7385649484;30983,4018183368
"LV-a";"S";"96.02";1406,67131265311;1053,57102287103
"MV";"S";"96.02";78405,7160165991;32449,4538851716
"LV-a";"S";"96.03";1946,54282809284;1190,74881892557
"LV-b";"S";"96.03";4577,81098132658;2432,48784922861
"MV";"S";"96.03";30118,3012094551;11507,909142615
"LV-a";"S";"96.04";1637,39583554374;1645,52230162942
"LV-b";"S";"96.04";5598,24612896461;4925,68829049037
"MV";"S";"96.04";80285,7115336996;25885,8179970288
"LV-a";"S";"96.09";839,836453567739;658,978637780675
"LV-b";"S";"96.09";8660,44640615625;4466,41967015297
"MV";"S";"96.09";14190,4805385529;3446,81931002061
"LV-b";"T";"97.00";5955,72980340041;2007,13703779984
"MV";"T";"97.00";4917,56764624325;918,271350525662
"MV";"T";"98.20";40168,1746291071;20358,1449962921
"LV-a";"U";"99.00";1770,80571460931;915,84803115951
"LV-b";"U";"99.00";17484,6993097858;5843,19712584798
"MV";"U";"99.00";72571,3532816495;23117,3665266958
